CODE;ENGLISH;FRENCH;GERMAN;POLISH;SPANISH;HUNGARIAN;CZECH;HUNGARIAN;DUTCH;PORTUGUESE;RUSSIAN;FINNISH;;x;;;;;;;;;;;;;;;;
USA;The United States;États-Unis d'Amérique;USA;;EE UU;;;;;;;;;x;;;;;;;;;;;;;;;;
RUS_proletarian_dictatorship;The Soviet Union;Union Soviétique;Sowjetunion;;Unión Soviética;;;;;;;;;x;;;;;;;;;;;;;;;;
hms_government1;Constitutional Monarchy;Gouvernement de Sa Majesté;Ihrer Majestät Regierung;;Gobierno de Su Majestad;;;;;;;;;x;;;;;;;;;;;;;;;;
hms_government;Constitutional Monarchy;Gouvernement de Sa Majesté;Ihrer Majestät Regierung;;Gobierno de Su Majestad;;;;;;;;;x;;;;;;;;;;;;;;;;
ABU_1162;Abu Dhabi;Abu Dhabi;Abu Dhabi;;Abu Dhabi;;;;;;;;;x;;;;;;;;;;;;;;;;
AFG_1214;Western Afghanistan;Western Afghanistan;West-Afghanistan;;Western Afghanistan;;;;;;;;;x;;;;;;;;;;;;;;;;
PAK_1223;Pashtunistan;Pashtunistan;Pashtunistan;;Pashtunistan;;;;;;;;;x;;;;;;;;;;;;;;;;
AFG_1213;Northern Afghanistan;Northern Afghanistan;Northern Afghanistan;;Northern Afghanistan;;;;;;;;;x;;;;;;;;;;;;;;;;
AFG_1209;Eastern Afghanistan;Eastern Afghanistan;Ost-Afghanistan;;Eastern Afghanistan;;;;;;;;;x;;;;;;;;;;;;;;;;
ALD_1704;Tlemcen;Tlemcen;Tlemcen;;Tlemcen;;;;;;;;;x;;;;;;;;;;;;;;;;
ALD_1708;Constantine;Constantine;Constantine;;Constantine;;;;;;;;;x;;;;;;;;;;;;;;;;
ALD_1713;North Central Sahara;;;;;;;;;;;;x;;;;;;;;;;;;;;;;;
ALD_1714;West Sahara;Sahara central Ouest;Westlich-zentrale Sahara;;Oeste del Sahara central;;;;;;;;;x;;;;;;;;;;;;;;;;
ALD_1718;Sahara;Sahara central Est;Östlich-zentrale Sahara;;Este del Sahara central;;;;;;;;;x;;;;;;;;;;;;;;;;
ANN_1371;Tonkin;Tonkin;Tonkin;;Tonkin;;;;;;;;;x;;;;;;;;;;;;;;;;
ANN_1374;Annam;Annam;Annam;;Annam;;;;;;;;;x;;;;;;;;;;;;;;;;
ANN_1383;Cochin China;Cochin China;Cochinchina;;Cochin China;;;;;;;;;x;;;;;;;;;;;;;;;;
ARG_2355;Buenos Aires;Buenos Aires;Buenos Aires;;Buenos Aires;;;;;;;;;x;;;;;;;;;;;;;;;;
ARG_2357;Corrientes;Corrientes;Corrientes;;Corrientes;;;;;;;;;x;;;;;;;;;;;;;;;;
ARG_2360;Entre Rios;;;;;;;;;;;;x;;;;;;;;;;;;;;;;;
ARG_2363;Santa Fe;Santa Fe;Santa Fe;;Santa Fe;;;;;;;;;x;;;;;;;;;;;;;;;;
ARG_2368;Jujuy;Jujuy;Jujuy;;Jujuy;;;;;;;;;x;;;;;;;;;;;;;;;;
ARG_2374;Catamarca;;;;;;;;;;;;x;;;;;;;;;;;;;;;;;
ARG_2377;Chaco;Chaco;Chaco;;Chaco;;;;;;;;;x;;;;;;;;;;;;;;;;
ARG_2384;La Pampa;Pampa;La Pampa;;La Pampa;;;;;;;;;x;;;;;;;;;;;;;;;;
ARG_2387;Tucumán;Tucumán;Tucumán;;Tucumán;;;;;;;;;x;;;;;;;;;;;;;;;;
ARG_2391;Patagonia Septentrional;Patagonie septentrionale;Patagonia Septentrional;;Patagonia Septentrional;;;;;;;;;x;;;;;;;;;;;;;;;;
ARG_2393;Río Negro;Rio Negro;Río Negro;;Río Negro;;;;;;;;;x;;;;;;;;;;;;;;;;
ARG_2398;Patagonia Meridional;Patagonie méridionale;Patagonia Meridional;;Patagonia Meridional;;;;;;;;;x;;;;;;;;;;;;;;;;
ASH_1909;Gold Coast;;;;;;;;;;;;x;;;;;;;;;;;;;;;;;
AST_1097;New Caledonia;;;;;;;;;;;;x;;;;;;;;;;;;;;;;;
AST_2244;Christmas & Cocos Islands;Îles Christmas et Cocos;Weihnachts- & Kokosinseln;;Islas Navidad y Cocos;;;;;;;;;x;;;;;;;;;;;;;;;;
AST_2454;Fiji;Fidji;Fidschi;;Islas Fiji;;;;;;;;;x;;;;;;;;;;;;;;;;
AST_2527;Kiribati;Kiribati;Kiribati;;Kiribati;;;;;;;;;x;;;;;;;;;;;;;;;;
AST_2528;Southern New Guinea;Nouvelle guinée du sud;Südliches Neuguinea;;Nueva Guinea Meridional;;;;;;;;;x;;;;;;;;;;;;;;;;
AST_2534;Solomon Islands;;;;;;;;;;;;x;;;;;;;;;;;;;;;;;
AST_2535;Vanuatu;Vanuatu;Vanuatu;;Vanuatu;;;;;;;;;x;;;;;;;;;;;;;;;;
AST_2539;North Solomon Islands;;;;;;;;;;;;x;;;;;;;;;;;;;;;;;
AST_801;Polynesia;Polynésie;Polynesien;;La Polinesia;;;;;;;;;x;;;;;;;;;;;;;;;;
ATJ_1405;Aceh;Aceh;Aceh;;Aceh;;;;;;;;;x;;;;;;;;;;;;;;;;
AUS_2538;Vojvodina;;;;;;;;;;;;x;;;;;;;;;;;;;;;;;
AUS_612;Tirol;Tyrol;Tirol;;Tirol;;;;;;;;;x;;;;;;;;;;;;;;;;
AUS_613;Kärnten-Steiermark;Kärnten-Steiermark;Kärnten-Steiermark;;Kärnten-Steiermark;;;;;;;;;x;;;;;;;;;;;;;;;;
AUS_619;Österreich;Autriche;Österreich;;Austria;;;;;;;;;x;;;;;;;;;;;;;;;;
AUS_623;Transdanubia;Transdanubie;Transdanubien;;Transdanubia;;;;;;;;;x;;;;;;;;;;;;;;;;
AUS_625;Bohemia;Bohême;Böhmen;;Bohemia;;;;;;;;;x;;;;;;;;;;;;;;;;
AUS_626;Moravia;Moravie;Mähren;;Moravia;;;;;;;;;x;;;;;;;;;;;;;;;;
AUS_633;Slovakia;Slovaquie;Slowakei;;Eslovaquia;;;;;;;;;x;;;;;;;;;;;;;;;;
AUS_641;Central Hungary;Hongrie centrale;Zentralungarn;;Hungría Central;;;;;;;;;x;;;;;;;;;;;;;;;;
AUS_647;Alföld;Alföld;Alföld;;Alföld;;;;;;;;;x;;;;;;;;;;;;;;;;
AUS_652;Banat;;;;;;;;;;;;x;;;;;;;;;;;;;;;;;
AUS_654;Western Siebenbürgen;Transylvanie occidentale;Westsiebenbürgen;;Siebenbürgen Occidental;;;;;;;;;x;;;;;;;;;;;;;;;;
AUS_657;Eastern Siebenbürgen;Transylvanie orientale;Ostsiebenbürgen;;Siebenbürgen Oriental;;;;;;;;;x;;;;;;;;;;;;;;;;
AUS_662;East Galicia;Galice orientale;Ostgalizien;;Galitzia Oriental;;;;;;;;;x;;;;;;;;;;;;;;;;
AUS_702;Galicia-Lodomeria;;;;;;;;;;;;x;;;;;;;;;;;;;;;;
AUS_726;Lombardia;Lombardie;Lombardei;;Lombardía;;;;;;;;;x;;;;;;;;;;;;;;;;
AUS_729;Venetia;Vénétie;Venedig;;Venecia;;;;;;;;;x;;;;;;;;;;;;;;;;
AUS_734;South Tirol;Tyrol du Sud;Südtirol;;Tirol Meridional;;;;;;;;x;;;;;;;;;;;;;;;;;
AUS_736;Istria;Istrie;Istrien;;Istria;;;;;;;;;x;;;;;;;;;;;;;;;;
AUS_768;Slovenia;Slovénie;Slowenien;;Eslovenia;;;;;;;;;x;;;;;;;;;;;;;;;;
AUS_771;Croatia;Croatie;Kroatien;;Croacia;;;;;;;;;x;;;;;;;;;;;;;;;;
AUS_777;Slavonia;Slavonie;Slawonien;;Eslavonia;;;;;;;;;x;;;;;;;;;;;;;;;;
AUS_780;Dalmatia;Dalmatie;Dalmatien;;Dalmacia;;;;;;;;;x;;;;;;;;;;;;;;;;
AUS_ADJ;Austrian;Autrichien;Österreichisch;;Austríaca;;;;;;;;;x;;;;;;;;;;;;;;;;
BAD_586;Baden;Baden;Baden;;Baden;;;;;;;;;x;;;;;;;;;;;;;;;;
BAL_1438;Sunda Islands;Sunda Islands;Sundainseln;;Sunda Islands;;;;;;;;;x;;;;;;;;;;;;;;;;
BAV_595;Franken;Niederbayern;Niederbayern;;Niederbayern;;;;;;;;;x;;;;;;;;;;;;;;;;
BAV_599;Bayern;Oberbayern;Oberbayern;;Oberbayern;;;;;;;;;x;;;;;;;;;;;;;;;;
BEL_1977;Bas-Congo;Bas-Congo;Bas-Congo;;Bas-Congo;;;;;;;;;x;;;;;;;;;;;;;;;;
BEL_1984;Kasai;Kasai;Kasai;;Kasai;;;;;;;;;x;;;;;;;;;;;;;;;;
BEL_1987;Katanga;Katanga;Katanga;;Katanga;;;;;;;;;x;;;;;;;;;;;;;;;;
BEL_1990;Congo Orientale;Congo Oriental;Congo Orientale;;Congo Orientale;;;;;;;;;x;;;;;;;;;;;;;;;;
BEL_1992;Equateur;Equateur;Equateur;;Equateur;;;;;;;;;x;;;;;;;;;;;;;;;;
BEL_1996;Congo Orientale;;;;;;;;;;;;x;;;;;;;;;;;;;;;;;
BEL_2034;Ruanda-Urundi;;;;;;;;;;;;x;;;;;;;;;;;;;;;;;
BEL_387;Flanders;Vlaanderen;Flandern;;Vlaanderen;;;;;;;;;x;;;;;;;;;;;;;;;;
BEL_394;Wallonia;Wallonie;Wallonien;;Valonia;;;;;;;;;x;;;;;;;;;;;;;;;;
BOL_2305;Potosí;Potosi;Potosí;;Potosí;;;;;;;;;x;;;;;;;;;;;;;;;;
BOL_2309;Antofagasta;;;;;;;;;;;;x;;;;;;;;;;;;;;;;;
BOL_2314;Potosi;Potosi;Potosi;;;;;;;;;;;x;;;;;;;;;;;;;;;;
BOL_2317;Santa Cruz;Santa Cruz;Santa Cruz;;Santa Cruz;;;;;;;;;x;;;;;;;;;;;;;;;;
BOL_2321;La Paz;La Paz;La Paz;;La Paz;;;;;;;;;x;;;;;;;;;;;;;;;;
BRU_1393;Brunei;Brunei;Brunei;;Brunei;;;;;;;;;x;;;;;;;;;;;;;;;;
BRU_1394;Sarawak;Sarawak;Sarawak;;Sarawak;;;;;;;;;x;;;;;;;;;;;;;;;;
BRU_1396;Sabah;;;;;;;;;;;;x;;;;;;;;;;;;;;;;;
BRZ_2246;Minas Gerais;Minas Gerais;Minas Gerais;;Minas Gerais;;;;;;;;;x;;;;;;;;;;;;;;;;
BRZ_2306;São Paulo;São Paulo;São Paulo;;Sao Paulo;;;;;;;;;x;;;;;;;;;;;;;;;;
BRZ_2401;Amazonas;Amazone;Amazonas;;Amazonas;;;;;;;;;x;;;;;;;;;;;;;;;;
BRZ_2408;Pará;Pará;Pará;;Pará;;;;;;;;;x;;;;;;;;;;;;;;;;
BRZ_2410;Maranhão;Maranhão;Maranhão;;Maranhão;;;;;;;;;x;;;;;;;;;;;;;;;;
BRZ_2416;Mato Grosso;Mato Grosso;Mato Grosso;;Mato Grosso;;;;;;;;;x;;;;;;;;;;;;;;;;
BRZ_2421;Goiás;;;;;;;;;;;;x;;;;;;;;;;;;;;;;;
BRZ_2427;Rio Grande do Norte;Rio Grande do Norte;Rio Grande do Norte;;Rio Grande do Norte;;;;;;;;;x;;;;;;;;;;;;;;;;
BRZ_2428;Pernambuco;Pernambouc;Pernambuco;;Pernambuco;;;;;;;;;x;;;;;;;;;;;;;;;;
BRZ_2439;Bahia;Bahia;Bahia;;Bahía;;;;;;;;;x;;;;;;;;;;;;;;;;
BRZ_2446;Minas Gerais;Minas Gerais;Minas Gerais;;Minas Gerais;;;;;;;;;x;;;;;;;;;;;;;;;;
BRZ_2447;Rio de Janeiro;Rio de Janeiro;Rio de Janeiro;;Río de Janeiro;;;;;;;;;x;;;;;;;;;;;;;;;;
BRZ_2448;Espírito Santo;;;;;;;;;;;;;x,,,;;;;;;;;;;;;;;;;
BRZ_2449;Santa Catarina;;;;;;;;;;;;;x,,,;;;;;;;;;;;;;;;;
BRZ_2450;Mato Grosso do Sul;;;;;;;;;;;;;x,,,;;;;;;;;;;;;;;;;
BRZ_2451;Sergipe;;;;;;;;;;;;;x,,,;;;;;;;;;;;;;;;;
BRZ_2452;Goiás;;;;;;;;;;;;;x,,,;;;;;;;;;;;;;;;;
BRZ_2453;Tocantins;;;;;;;;;;;;;x,,,;;;;;;;;;;;;;;;;
BRZ_2454;Alagoas;;;;;;;;;;;;;x,,,;;;;;;;;;;;;;;;;
BRZ_2455;Paraíba;;;;;;;;;;;;;x,,,;;;;;;;;;;;;;;;;
BRZ_2456;Ceará;;;;;;;;;;;;;x,,,;;;;;;;;;;;;;;;;
BRZ_2457;Piauí;;;;;;;;;;;;;x,,,;;;;;;;;;;;;;;;;
BRZ_2458;Amapá;;;;;;;;;;;;;x,,,;;;;;;;;;;;;;;;;
BRZ_2459;Roraima;;;;;;;;;;;;;x,,,;;;;;;;;;;;;;;;;
BRZ_2460;Acre;;;;;;;;;;;;;x,,,;;;;;;;;;;;;;;;;
BRZ_2461;Santa Catarina;;;;;;;;;;;;x;;;;;;;;;;;;;;;;;
BRZ_2462;Paraná;Paraná;Paraná;;Paraná;;;;;;;;;x;;;;;;;;;;;;;;;;
BRZ_2467;Rio Grande do Sul;Rio Grande do Sul;Rio Grande do Sul;;Rio Grande do Sul;;;;;;;;;x;;;;;;;;;;;;;;;;
BUK_1207;Tajikistan;Tajikistan;Tadschikistan;;Tajikistan;;;;;;;;;x;;;;;;;;;;;;;;;;
BUR_1330;Pegu;Pegu;Pegu;;Pegu;;;;;;;;;x;;;;;;;;;;;;;;;;
BUR_1334;Central Burma;Shan States;Shan-Staaten;;Shan States;;;;;;;;;x;;;;;;;;;;;;;;;;
BUR_1339;Kachin;Kachin;Kachin;;Kachin;;;;;;;;;x;;;;;;;;;;;;;;;;
BUR_1345;Rakhine;Rakhine;Rakhine;;Rakhine;;;;;;;;;x;;;;;;;;;;;;;;;;
CAN_13;British Columbia;;;;;;;;;;;;x;;;;;;;;;;;;;;;;;
CAN_46;Ontario;;;;;;;;;;;;x;;;;;;;;;;;;;;;;;
CAN_50;Northern Ontario;;;;;;;;;;;;x;;;;;;;;;;;;;;;;;
CAN_58;Quebec;;;;;;;;;;;;x;;;;;;;;;;;;;;;;;
CAN_60;Northern Quebec;;;;;;;;;;;;x;;;;;;;;;;;;;;;;;
CHI_1082;Primorsky Krai;Outer Manchuria;Äußere Mandschurei;;Outer Manchuria;;;;;;;;;x;;;;;;;;;;;;;;;;
CHI_1086;Sakhalin;Sakhalin;Sachalin;;Sakhalin;;;;;;;;;x;;;;;;;;;;;;;;;;
CHI_1465;Mongolia;;;;;;;;;;;;x;;;;;;;;;;;;;;;;;
CHI_1468;Uriankhai;;;;;;;;;;;;x;;;;;;;;;;;;;;;;;
CHI_1470;South Anhui;;;;;;;;;;;;x;;;;;;;;;;;;;;;;;
CHI_1472;Northern Anhui;Northern Anhui;Nord-Anhui;;Northern Anhui;;;;;;;;;x;;;;;;;;;;;;;;;;
CHI_1473;Southern Anhui;Southern Anhui;Süd-Anhui;;Southern Anhui;;;;;;;;;x;;;;;;;;;;;;;;;;
CHI_1477;North Anhui;;;;;;;;;;;;x;;;;;;;;;;;;;;;;;
CHI_1479;Liaoning;;;;;;;;;;;;x;;;;;;;;;;;;;;;;;
CHI_1482;Fujian;;;;;;;;;;;;x;;;;;;;;;;;;;;;;;
CHI_1485;Formosa;;;;;;;;;;;;x;;;;;;;;;;;;;;;;;
CHI_1487;Fujian;Fujian;Fujian;;Fujian;;;;;;;;;x;;;;;;;;;;;;;;;;
CHI_1490;Gansu;Kansuh;Gansu;;Gansu;;;;;;;;;x;;;;;;;;;;;;;;;;
CHI_1491;Ningxia;;;;;;;;;;;;;x;;;;;;;;;;;;;;;;
CHI_1493;Guangdong;Kwangtung;Guangdong;;Guangdong;;;;;;;;;x;;;;;;;;;;;;;;;;
CHI_1494;Shaozhou;Shaozhou;Shaozhou;;Shaozhou;;;;;;;;;x;;;;;;;;;;;;;;;;
CHI_1496;Hong Kong & Macao;Hong Kong & Macao;Hong Kong & Macao;;Hong Kong y Macao;;;;;;;;;x;;;;;;;;;;;;;;;;
CHI_1499;Hainan;;;;;;;;x
CHI_1502;Guangxi;;;;;;;;;;;;x;;;;;;;;;;;;;;;;;
CHI_1504;Guangxi;Kwangsi;Guangxi;;Guangxi;;;;;;;;;x;;;;;;;;;;;;;;;;
CHI_1505;Guizhou;;;;;;;;;;;;x;;;;;;;;;;;;;;;;;
CHI_1508;East Henan;;;;;;;;;;;;x;;;;;;;;;;;;;;;;;
CHI_1510;West Henan;;;;;;;;;;;;x;;;;;;;;;;;;;;;;;
CHI_1513;Henan;Henan;Henan;;Henan;;;;;;;;;x;;;;;;;;;;;;;;;;
CHI_1516;Eastern Hubei;Eastern Hubei;Ost-Hubei;;Eastern Hubei;;;;;;;;;x;;;;;;;;;;;;;;;;
CHI_1519;West Hubei;;;;;;;;;;;;x;;;;;;;;;;;;;;;;;
CHI_1522;East Hubei;;;;;;;;;;;;x;;;;;;;;;;;;;;;;;
CHI_1523;Western Hubei;Western Hubei;West-Hubei;;Western Hubei;;;;;;;;;x;;;;;;;;;;;;;;;;
CHI_1524;North Hunan;;;;;;;;;;;;x;;;;;;;;;;;;;;;;;
CHI_1526;South Hunan;;;;;;;;;;;;x;;;;;;;;;;;;;;;;;
CHI_1529;Hunan;Hunan;Hunan;;Hunán;;;;;;;;;x;;;;;;;;;;;;;;;;
CHI_1532;Inner Mongolia;Inner Mongolia;Innere Mongolei;;Inner Mongolia;;;;;;;;;x;;;;;;;;;;;;;;;;
CHI_1538;Shanghai;;;;;;;;;;;;x;;;;;;;;;;;;;;;;;
CHI_1539;Suzhou;Suzhou;Suzhou;;Suzhou;;;;;;;;;x;;;;;;;;;;;;;;;;
CHI_1545;North Jiangxi;;;;;;;;;;;;x;;;;;;;;;;;;;;;;;
CHI_1547;South Jiangxi;;;;;;;;;;;;x;;;;;;;;;;;;;;;;;
CHI_1550;Jiangxi;Jiangxi;Jiangxi;;Jiangxi;;;;;;;;;x;;;;;;;;;;;;;;;;
CHI_1552;Heilongjiang;;;;;;;;;;;;x;;;;;;;;;;;;;;;;;
CHI_1553;Manchuria;Manchuria;Mandschurei;;Manchuria;;;;;;;;;x;;;;;;;;;;;;;;;;
CHI_1555;Kirin;;;;;;;;;;;;x;;;;;;;;;;;;;;;;;
CHI_1557;Qinghai;Tsinghai;Qinghai;;Qinghai;;;;;;;;;x;;;;;;;;;;;;;;;;
CHI_1559;Shaanxi;;;;;;;;;;;;x;;;;;;;;;;;;;;;;;
CHI_1563;Shandong;Shandong;Shandong;;Shandong;;;;;;;;;x;;;;;;;;;;;;;;;;
CHI_1565;East Shandong;;;;;;;;;;;;x;;;;;;;;;;;;;;;;;
CHI_1572;Shanxi;;;;;;;;;;;;x;;;;;;;;;;;;;;;;;
CHI_1576;Shanxi;Shanxi;Shanxi;;Shanxi;;;;;;;;;x;;;;;;;;;;;;;;;;
CHI_1578;Sichuan;Sichuan;Sichuan;;Sichuan;;;;;;;;;x;;;;;;;;;;;;;;;;
CHI_1579;Chongqing;;;;;;;;;;;;x;;;;;;;;;;;;;;;;;
CHI_1581;Chongqing;Chongqing;Chongqing;;Chongqing;;;;;;;;;x;;;;;;;;;;;;;;;;
CHI_1586;Xikang;Xikang;Xikang;;Xikang;;;;;;;;;x;;;;;;;;;;;;;;;;
CHI_1594;Kashgar;;;;;;;;;;;;x;;;;;;;;;;;;;;;;;
CHI_1600;Xinjiang;Xinjiang;Xinjiang;;Xinjiang;;;;;;;;;x;;;;;;;;;;;;;;;;
CHI_1601;Yunnan;Yunnan;Yunnan;;Yunnan;;;;;;;;;x;;;;;;;;;;;;;;;;
CHI_1604;North Zhejiang;;;;;;;;;;;;x;;;;;;;;;;;;;;;;;
CHI_1610;South Zhejiang;;;;;;;;;;;;x;;;;;;;;;;;;;;;;;
CHI_1611;Zhejiang;Zhejiang;Zhejiang;;Zhejiang;;;;;;;;;x;;;;;;;;;;;;;;;;
CHI_1612;Beijing;;;;;;;;;;;;x;;;;;;;;;;;;;;;;;
CHI_1614;Hebei;;;;;;;;;;;;x;;;;;;;;;;;;;;;;;
CHI_1617;Tianjin;;;;;;;;;;;;x;;;;;;;;;;;;;;;;;
CHI_1618;Northern Zhili;Northern Zhili;Nord-Zhili;;Northern Zhili;;;;;;;;;x;;;;;;;;;;;;;;;;
CHI_2062;Ningxia;Ningxia;Ningxia;;Ningxia;;;;;;;;;x;;;;;;;;;;;;;;;;
CHI_2221;Jiangsu;Jiangsu;Jiangsu;;Jiangsu;;;;;;;;;x;;;;;;;;;;;;;;;;
CHI_2562;Formosa;Formose;Formosa;;Formosa;;;;;;;;;x;;;;;;;;;;;;;;;;
CHI_2608;Mongolia;Tibet;Mongolei;;Mongolia;;;;;;;;;x;;;;;;;;;;;;;;;;
CHI_2678;Outer Mongolia;;;;;;;;;;;;x;;;;;;;;;;;;;;;;;
CHL_2322;Santiago;Santiago;Santiago;;Santiago;;;;;;;;;x;;;;;;;;;;;;;;;;
CHL_2327;Los Ríos;Los Ríos;Los Ríos;;Los Ríos;;;;;;;;;x;;;;;;;;;;;;;;;;
CHL_2332;Araucania;Araucania;Araucania;;Araucania;;;;;;;;;x;;;;;;;;;;;;;;;;
CHL_2336;Easter Island;;;;;;;;;;;;;x;;;;;;;;;;;;;;;;
PNM_1723;Panama Canal;Panama;Panama;;Panamá;;;;;;;;;x;;;;;;;;;;;;;;;;
CLM_1723;Panama;Panama;Panama;;Panamá;;;;;;;;;x;;;;;;;;;;;;;;;;
CLM_2247;Cundinamarca;Cundinamarca;Cundinamarca;;Cundinamarca;;;;;;;;;x;;;;;;;;;;;;;;;;
CLM_2251;Antioquía;Antioquía;Antioquía;;Antioquía;;;;;;;;;x;;;;;;;;;;;;;;;;
CLM_2256;Valle del Cauca;Valle del Cauca;Valle del Cauca;;Valle del Cauca;;;;;;;;;x;;;;;;;;;;;;;;;;
CLM_2259;Cauca;Cauca;Cauca;;Cauca;;;;;;;;;x;;;;;;;;;;;;;;;;
CLM_2262;Guaviare;Guaviare;Guaviare;;Guaviare;;;;;;;;;x;;;;;;;;;;;;;;;;
DAI_1369;Tonkin;;;;;;;;;;;;x;;;;;;;;;;;;;;;;;
DAI_1375;Annam;;;;;;;;;;;;x;;;;;;;;;;;;;;;;;
DAI_1380;Cochinchina;;;;;;;;;;;;x;;;;;;;;;;;;;;;;;
DEN_251;Greenland;Groenland;Grönland;;Groenlandia;;;;;;;;;x;;;;;;;;;;;;;;;;
ICL_252;Iceland;Islande;Island;;Islandia;;;;;;;;;x;;;;;;;;;;;;;;;;
FAR_253;Faroe Islands;;;;;;;;;;;;;x;;;;;;;;;;;;;;;;
DEN_367;Jylland;Jutland;Jylland;;Jutlandia;;;;;;;;;x;;;;;;;;;;;;;;;;
DEN_372;Sjaelland;Sjaelland;Sjaelland;;Seelandia;;;;;;;;;x;;;;;;;;;;;;;;;;
ECU_2279;Ecuador;Equateur;Ecuador;;Ecuador;;;;;;;;;x;;;;;;;;;;;;;;;;
EGY_1745;Cairo;;;;;;;;;;;;x;;;;;;;;;;;;;;;;;
EGY_1746;Sinai;Sinai;Sinai;;Sinai;;;;;;;;;x;;;;;;;;;;;;;;;;
EGY_1750;Lower Egypt;Basse Égypte;Unter-Ägypten;;Lower Egypt;;;;;;;;;x;;;;;;;;;;;;;;;;
EGY_1751;Alexandria;;;;;;;;;;;;x;;;;;;;;;;;;;;;;;
EGY_1753;Matruh;Matruh;Matruh;;Matruh;;;;;;;;;x;;;;;;;;;;;;;;;;
EGY_1754;Libya;Côte lybienne;Lybische Küste;;Costa de Libia;;;;;;;;;x;;;;;;;;;;;;;;;;
EGY_1755;Suez;;;;;;;;;;;;x;;;;;;;;;;;;;;;;;
EGY_1756;Sinai;;;;;;;;;;;;x;;;;;;;;;;;;;;;;;
EGY_1758;Egyptian Desert;Egyptian Desert;Ägyptische Wüste;;Egyptian Desert;;;;;;;;;x;;;;;;;;;;;;;;;;
EGY_1762;Middle Egypt;Égypte Moyenne;Mittel-Ägypten;;Middle Egypt;;;;;;;;;x;;;;;;;;;;;;;;;;
EGY_1771;Upper Egypt;Basse Égypte;Unter-Ägypten;;Upper Egypt;;;;;;;;;x;;;;;;;;;;;;;;;;
EGY_1827;Sudan;Soudan;Sudan;;Sudan;;;;;;;;;x;;;;;;;;;;;;;;;;
EGY_1834;Dongola;Dongolah;Dunqula;;Dongola;;;;;;;;;x;;;;;;;;;;;;;;;;
EGY_1838;Kordofan;Kordofan;Kordofan;;Kordofan;;;;;;;;;x;;;;;;;;;;;;;;;;
EGY_1842;Darfur;Darfour;Darfur;;Darfur;;;;;;;;;x;;;;;;;;;;;;;;;;
EGY_843;Aegean Islands;Îles de la mer Egée;Ägäische Inseln;;Islas del Egeo;;;;;;;;;x;;;;;;;;;;;;;;;;
EGY_897;Aleppo;Aleppo;Aleppo;;Aleppo;;;;;;;;;x;;;;;;;;;;;;;;;;
EGY_901;Rojava;Rojava;Rojava;;Rojava;;;;;;;;;x;;;;;;;;;;;;;;;;
EGY_903;Damascus;Damascus;Damascus;;Damascus;;;;;;;;;x;;;;;;;;;;;;;;;;
EGY_905;Alawite State;;;;;;;;;;;;x;;;;;;;;;;;;;;;;;
EGY_910;Transjordan;Transjordan;Transjordanien;;Transjordan;;;;;;;;;x;;;;;;;;;;;;;;;;
EGY_915;Lebanon;Liban;Libanon;;Líbano;;;;;;;;;x;;;;;;;;;;;;;;;;
EGY_917;Jerusalem;;;;;;;;;;;;;x;;;;;;;;;;;;;;;;
EGY_920;Gaza;;;;;;;;;;;;;x;;;;;;;;;;;;;;;;
EGY_921;Palestine;Palestine;Palästina;;Palestina;;;;;;;;;x;;;;;;;;;;;;;;;;
SYR_2687;Golan Heights;Golan Heights;Golan Heights;;Golan Heights;;;;;;;;;x;;;;;;;;;;;;;;;;
EGY_922;West Bank;;;;;;;;;;;;;x;;;;;;;;;;;;;;;;
ENG_1236;Haryana;United Provinces;Vereinte Provinzen;;United Provinces;;;;;;;;;x;;;;;;;;;;;;;;;;
ENG_1244;East Uttar Pradesh;;;;;;;;;;;;x;;;;;;;;;;;;;;;;;
ENG_1247;North Bihar;Bihar;Bihar;;Bihar;;;;;;;;;x;;;;;;;;;;;;;;;;
ENG_1251;South Bengal;Bengal du sud;Südbengalen;;Bengala del Sur;;;;;;;;;x;;;;;;;;;;;;;;;;
ENG_1252;North Bengal;Bengal du nord;Nordbengalen;;Bengala del Norte;;;;;;;;;x;;;;;;;;;;;;;;;;
ENG_1258;Assam;Assam;Assam;;Assam;;;;;;;;;x;;;;;;;;;;;;;;;;
ENG_1261;Orissa;Orissa;Orissa;;Orissa;;;;;;;;;x;;;;;;;;;;;;;;;;
ENG_1264;Rajputana;Rajputana;Rajputana;;Rajputana;;;;;;;;;x;;;;;;;;;;;;;;;;
ENG_1275;Madhya Pradesh;Central India;Zentral-Indien;;Central India;;;;;;;;;x;;;;;;;;;;;;;;;;
ENG_1291;Gujarat;Gujarat;Gujarat;;Gujarat;;;;;;;;;x;;;;;;;;;;;;;;;;
ENG_1297;West Maharashtra;Bombay;Bombay;;Bombay;;;;;;;;;x;;;;;;;;;;;;;;;;
ENG_13;British Columbia;Colombie britannique;British Columbia;;Columbia Británica;;;;;;;;;x;;;;;;;;;;;;;;;;
ENG_1303;Goa;Goa;Goa;;Goa;;;;;;;;;x;;;;;;;;;;;;;;;;
ENG_1304;Madras State;Madras;Madras;;Madras;;;;;;;;;x;;;;;;;;;;;;;;;;
ENG_1305;Andhra Pradesh;Circars;Circars;;Circars;;;;;;;;;x;;;;;;;;;;;;;;;;
ENG_1317;Travancore;Travancore;Travancore;;Travancore;;;;;;;;;x;;;;;;;;;;;;;;;;
ENG_1320;Andaman Islands;Andaman Islands;Andaman Islands;;Andaman Islands;;;;;;;;;x;;;;;;;;;;;;;;;;
ENG_1321;Ceylon;Ceylan;Ceylon;;Ceilán;;;;;;;;;x;;;;;;;;;;;;;;;;
SIK_1328;Sikkim;;;;;;;;;;;;;x;;;;;;;;;;;;;;;;
BHU_1329;Bhutan;;;;;;;;;;;;;x;;;;;;;;;;;;;;;;
ENG_1343;Tenasserim;Tenasserim;Tenasserim;;Tenasserim;;;;;;;;;x;;;;;;;;;;;;;;;;
MSY_1387;Central Malaya;Malaya;Malaya;;Malaya;;;;;;;;;x;;;;;;;;;;;;;;;;
ENG_1385;Southern Malaya;Malaya;Malaya;;Malaya;;;;;;;;;x;;;;;;;;;;;;;;;;
ENG_1391;Northern Malaya;;;;;;;;;;;;x;;;;;;;;;;;;;;;;;
ENG_1818;Chad;Tchad;Tschad;;Chad;;;;;;;;;x;;;;;;;;;;;;;;;;
ENG_1825;Borkou-Ennedi-Tibesti;Borkou-Ennedi-Tibesti;Borkou-Ennedi-Tibesti;;Borkou-Ennedi-Tibesti;;;;;;;;;x;;;;;;;;;;;;;;;;
ENG_1843;Equatoria; Region Équateur;Äquatoria;;Equatoria;;;;;;;;;x;;;;;;;;;;;;;;;;
ENG_1844;Sudd;;;;;;;;;;;;x;;;;;;;;;;;;;;;;;
ENG_1848;Eritrea;L'Érythrée;Eritrea;;Eritrea;;;;;;;;;x;;;;;;;;;;;;;;;;
ENG_1868;Somaliland;Somalie;Somaliland;;Somalilandia;;;;;;;;;x;;;;;;;;;;;;;;;;
ENG_1887;Liberia;Libéria;Liberia;;Liberia;;;;;;;;;x;;;;;;;;;;;;;;;;
ENG_1956;South Cameroon;Sud du Cameroun;Süd-Kamerun;;Camerún meridional;;;;;;;;;x;;;;;;;;;;;;;;;;
ENG_1960;North Cameroon;Nord du Cameroun;Nord-Kamerun;;Camerún septentrional;;;;;;;;;x;;;;;;;;;;;;;;;;
ENG_1979;Guayana;Guayana;Guayana;;Guayana;;;;;;;;;x;;;;;;;;;;;;;;;;
ENG_2014;Zambia;Zambie;Zambia;;Zambia;;;;;;;;;x;;;;;;;;;;;;;;;;
ENG_2016;Kazembe;Kazembe;Kazembe;;Kazembe;;;;;;;;;x;;;;;;;;;;;;;;;;
ENG_2019;Uganda;Ouganda;Uganda;;Uganda;;;;;;;;;x;;;;;;;;;;;;;;;;
ENG_2024;Central Kenya;Kenya;Kenia;;Kenia;;;;;;;;;x;;;;;;;;;;;;;;;;
ENG_2031;North Eastern Province;Kenya;Kenia;;Kenia;;;;;;;;;x;;;;;;;;;;;;;;;;
ENG_2026;Rift Valley;Vallée du Rift;Großer Afrikanischer Grabenbruch;;Rift Valley;;;;;;;;;x;;;;;;;;;;;;;;;;
ENG_2029;Zanzibar;Zanzibar;Sansibar;;Zanzibar;;;;;;;;;x;;;;;;;;;;;;;;;;
ENG_2034;Tanganyika;Tanzanie;Tanganjika;;Tanganyika;;;;;;;;;x;;;;;;;;;;;;;;;;
ENG_2036;Zanzibar;;;;;;;;;;;;x;;;;;;;;;;;;;;;;;
ENG_2039;Lindi;Lindi;Lindi;;Lindi;;;;;;;;;x;;;;;;;;;;;;;;;;
ENG_2044;Tanganyika;;;;;;;;;;;;x;;;;;;;;;;;;;;;;;
ENG_2048;Zanzibar;;;;;;;;;;;;x;;;;;;;;;;;;;;;;;
ENG_2067;Nyasaland;;;;;;;;;;;;x;;;;;;;;;;;;;;;;;
ENG_2068;Zambezi;Zambèze;Sambesi;;Zambezi;;;;;;;;;x;;;;;;;;;;;;;;;;
ENG_2071;Matabeleland;;;;;;;;;;;;x;;;;;;;;;;;;;;;;;
ENG_2074;Botswana;Botswana;Botswana;;Botswana;;;;;;;;;x;;;;;;;;;;;;;;;;
ENG_2078;Hereroland;Hereroland;Hereroland;;Hereroland;;;;;;;;;x;;;;;;;;;;;;;;;;
ENG_2083;Namaqualand;Namaqualand;Namaqualand;;Namaqualandia;;;;;;;;;x;;;;;;;;;;;;;;;;
ENG_2087;Cape Colony;Colonie du Cap;Cape Colony;;Colonia del Cabo;;;;;;;;;x;;;;;;;;;;;;;;;;
ENG_2092;Northern Cape;Cap nord;Northern Cape;;Cabo del norte;;;;;;;;;x;;;;;;;;;;;;;;;;
ENG_2094;Kimberley;;;;;;;;;;;;x;;;;;;;;;;;;;;;;;
ENG_2096;Eastern Cape;Cap oriental;Eastern Cape;;Cabo oriental;;;;;;;;;x;;;;;;;;;;;;;;;;
ENG_2125;Indian Ocean Territory;Territoire de l'océan Indien;Territorium im Indischen Ozean;;Indian Ocean Territory;;;;;;;;;x;;;;;;;;;;;;;;;;
ENG_2132;South Atlantic Islands;South Atlantic Islands;Südatlantische Inseln;;South Atlantic Islands;;;;;;;;;x;;;;;;;;;;;;;;;;
ENG_22;Alberta;Alberta;Alberta;;Alberta;;;;;;;;;x;;;;;;;;;;;;;;;;
ENG_2224;Leeward Islands;;;;;;;;;;;;;x;;;;;;;;;;;;;;;;
ENG_2228;Windward Islands;;;;;;;;;;;;;x;;;;;;;;;;;;;;;;
ENG_2468;New South Wales;Nouvelles-Galles du sud;New South Wales;;Nueva Gales del Sur;;;;;;;;;x;;;;;;;;;;;;;;;;
ENG_2476;Victoria;Victoria;Victoria;;Victoria;;;;;;;;;x;;;;;;;;;;;;;;;;
ENG_2483;Queensland;Queensland;Queensland;;Queensland;;;;;;;;;x;;;;;;;;;;;;;;;;
ENG_2491;South Australia;Australie du sud;South Australia;;Australia meridional;;;;;;;;;x;;;;;;;;;;;;;;;;
ENG_2497;Western Australia;Australie occidentale;Western Australia;;Australia occidental;;;;;;;;;x;;;;;;;;;;;;;;;;
ENG_2505;Northern Territory;Territoires du Nord;Northern Territory;;Territorio Septentrional;;;;;;;;;x;;;;;;;;;;;;;;;;
ENG_2509;North Island;Île du Nord;North Island;;Isla del Norte;;;;;;;;;x;;;;;;;;;;;;;;;;
ENG_2513;South Island;Île du Sud;South Island;;Isla del Sur ;;;;;;;;;x;;;;;;;;;;;;;;;;
ENG_254;Ulster;Ulster;Ulster;;Ulster;;;;;;;;;x;;;;;;;;;;;;;;;;
ENG_258;Connacht;;;;;;;;;;;;x;;;;;;;;;;;;;;;;;
ENG_260;Munster;Münster;Munster;;Münster;;;;;;;;;x;;;;;;;;;;;;;;;;
ENG_263;Leinster-Connacht;Leinster-Connacht;Leinster-Connacht;;Leinster-Connacht;;;;;;;;;x;;;;;;;;;;;;;;;;
ENG_266;Highlands;Highlands;Highlands;;Highlands;;;;;;;;;x;;;;;;;;;;;;;;;;
ENG_271;Lowlands;Lowlands;Lowlands;;Lowlands;;;;;;;;;x;;;;;;;;;;;;;;;;
ENG_273;Wales;Pays de Galles;Wales;;Gales;;;;;;;;;x;;;;;;;;;;;;;;;;
ENG_277;North West England;Angleterre du nord-ouest;Nordwestengland;;Inglaterra Noroccidental;;;;;;;;;x;;;;;;;;;;;;;;;;
ENG_280;North East England;Angleterre du nord-est;Nordostengland;;Inglaterra Nororiental;;;;;;;;;x;;;;;;;;;;;;;;;;
ENG_284;Midlands;Midlands;Midlands;;Midlands;;;;;;;;;x;;;;;;;;;;;;;;;;
ENG_291;Eastern Counties;Angleterre de l'est;Eastern Counties;;Condados Orientales;;;;;;;;;x;;;;;;;;;;;;;;;;
ENG_296;South West England;Angleterre du sud-ouest;Südwestengland;;Inglaterra suroccidental;;;;;;;;;x;;;;;;;;;;;;;;;;
ENG_30;Saskatchewan;Saskatchewan;Saskatchewan;;Saskatchewan;;;;;;;;;x;;;;;;;;;;;;;;;;
ENG_300;South East England;Angleterre du sud-est;Südostengland;;Inglaterra suroriental;;;;;;;;;x;;;;;;;;;;;;;;;;
ENG_36;Manitoba;Manitoba;Manitoba;;Manitoba;;;;;;;;;x;;;;;;;;;;;;;;;;
ENG_43;Nunavut;Nunavut;Nunavut;;Nunavut;;;;;;;;;x;;;;;;;;;;;;;;;;
ENG_44;Nunavut Territory;Nunavut;Nunavut Territory;;Territorio de Nunavut;;;;;;;;;x;;;;;;;;;;;;;;;;
ENG_46;Ontario;Ontario;Ontario;;Ontario;;;;;;;;;x;;;;;;;;;;;;;;;;
ENG_58;Quebec;Québécois;Quebec;;Quebec;;;;;;;;;x;;;;;;;;;;;;;;;;
ENG_6;East Maharashtra;Territoire du Yukon;Yukon Territory;;Territorio del Yukón;;;;;;;;;x;;;;;;;;;;;;;;;;
ENG_68;Maritimes;Nouveau-Brunswick;New Brunswick;;New Brunswick;;;;;;;;;x;;;;;;;;;;;;;;;;
ENG_74;Newfoundland;Terre-Neuve;Neufundland;;Terra Nova;;;;;;;;;x;;;;;;;;;;;;;;;;
ENG_9;Northwest Territories;Territoires du N-O;Northwest Territories;;Territorios noroccidentales;;;;;;;;;x;;;;;;;;;;;;;;;;
ETH_1852;Begemder;;;;;;;;;;;;x;;;;;;;;;;;;;;;;;
ETH_1853;Tigray;;;;;;;;;;;;x;;;;;;;;;;;;;;;;;
ETH_1854;Gonder-Tigray;Gonder-Tigray;Gonder-Tigray;;Gonder-Tigray;;;;;;;;;x;;;;;;;;;;;;;;;;
ETH_1859;Oromia;Oromia;Oromia;Oromia;Oromía;;;;;;;;;x;;;;;;;;;;;;;;;;
ETH_1862;Gibe;;;;;;;;;;;;x;;;;;;;;;;;;;;;;;
ETH_1864;Amhara;Amhara;Amhara;;Amhara;;;;;;;;;x;;;;;;;;;;;;;;;;
ETH_1865;Hararghe;;;;;;;;;;;;x;;;;;;;;;;;;;;;;;
ETH_1867;Oromia;Oromia;Oromia;;Oromia;;;;;;;;;x;;;;;;;;;;;;;;;;
FRA_1700;Algiers;Alger;Algier;;Algiers;;;;;;;;;x;;;;;;;;;;;;;;;;
FRA_1775;Mauritania;Côte de la Mauritanie;Mauretanische Küste;;Costa de Mauritania;;;;;;;;;x;;;;;;;;;;;;;;;;
FRA_1780;Inner Mauritania;Mauritanie intérieure;Inneres Mauritanien;;Mauritania interior;;;;;;;;;x;;;;;;;;;;;;;;;;
FRA_1783;Senegal;Sénégal;Senegal;;Senegal;;;;;;;;;x;;;;;;;;;;;;;;;;
FRA_1788;Gambia;Gambie;Gambia;;Gambia;;;;;;;;;x;;;;;;;;;;;;;;;;
FRA_1798;Eastern Mali;Mali orientale;Ost-Mali;;Eastern Mali;;;;;;;;;x;;;;;;;;;;;;;;;;
FRA_1801;Western Mali;Mali ouest;West-Mali;;Western Mali;;;;;;;;;x;;;;;;;;;;;;;;;;
FRA_1803;Timbuktu;Timbuktu;Timbuktu;;Timbuktu;;;;;;;;;x;;;;;;;;;;;;;;;;
FRA_1808;Outer Hausaland;Outer Hausaland;Äußeres Hausaland;;Outer Hausaland;;;;;;;;;x;;;;;;;;;;;;;;;;
FRA_1813;Niger;Niger;Niger;;Níger;;;;;;;;;x;;;;;;;;;;;;;;;;
FRA_1816;Bornu;Bornou;Bornu;;Bornu;;;;;;;;;x;;;;;;;;;;;;;;;;
FRA_1878;Lower Guinea;;;;;;;;;;;;x;;;;;;;;;;;;;;;;;
FRA_1879;Guinea;Guinée;Guinea;;Guinea;;;;;;;;;x;;;;;;;;;;;;;;;;
FRA_1883;Upper Guinea;;;;;;;;;;;;x;;;;;;;;;;;;;;;;;
FRA_1884;Sierra Leone;Sierra Leone;Sierra Leone;;Sierra Leona;;;;;;;;;x;;;;;;;;;;;;;;;;
FRA_1892;Ivory Coast;Est de la Côte d’Ivoire;Östliche Elfenbeinküste;;Costa de Marfil oriental;;;;;;;;;x;;;;;;;;;;;;;;;;
FRA_1893;Windward Coast;Ouest de la Côte d’Ivoire;Westliche Elfenbeinküste;;Costa de Marfil occidental;;;;;;;;;x;;;;;;;;;;;;;;;;
FRA_1901;Volta;Volta;Volta;;Volta;;;;;;;;;x;;;;;;;;;;;;;;;;
FRA_1907;Ghana;Ghana;Ghana;;Ghana;;;;;;;;;x;;;;;;;;;;;;;;;;
FRA_1914;Togo;Togo;Togo;;Togo;;;;;;;;;x;;;;;;;;;;;;;;;;
FRA_1919;Dahomey;Dahomey;Dahomey;;Dahomey;;;;;;;;;x;;;;;;;;;;;;;;;;
FRA_1923;Western Nigeria;;;;;;;;;;;;;x;;;;;;;;;;;;;;;;
FRA_1927;Northwestern Nigeria;;;;;;;;;;;;;x;;;;;;;;;;;;;;;;
FRA_1930;Mid-Western Nigeria;;;;;;;;;;;;;x;;;;;;;;;;;;;;;;
FRA_1931;Niger Delta;Niger Delta;Niger-Delta;;Niger Delta;;;;;;;;;x;;;;;;;;;;;;;;;;
FRA_1937;Nigeria;Nigeria;Nigeria;;Nigeria;;;;;;;;;x;;;;;;;;;;;;;;;;
FRA_1939;East Hausaland;East Hausaland;Ost-Hausaland;;East Hausaland;;;;;;;;;x;;;;;;;;;;;;;;;;
FRA_1965;Ubangi-Shari;Oubangi-Chari;Ubangi-Schari;;Ubangi-Shari;;;;;;;;;x;;;;;;;;;;;;;;;;
FRA_1970;Bangassou;;;;;;;;;;;;x;;;;;;;;;;;;;;;;;
FRA_1972;Gabon;Gabon;Gabun;;Gabón;;;;;;;;;x;;;;;;;;;;;;;;;;
FRA_1978;Congo;Congo;Kongo;;El Congo;;;;;;;;;x;;;;;;;;;;;;;;;;
FRA_399;Picardie;Picardie;Picardie;;Picardía;;;;;;;;;x;;;;;;;;;;;;;;;;
FRA_404;Champagne;Champagne;Champagne;;Champaña;;;;;;;;;x;;;;;;;;;;;;;;;;
FRA_411;Franche-Comté;Franche-Comté;Franche-Comté;;Franco Condado;;;;;;;;;x;;;;;;;;;;;;;;;;
FRA_412;Alsace-Lorraine;Alsace-Lorraine;Alsace-Lorraine;;Alsacia-Lorena;;;;;;;;;x;;;;;;;;;;;;;;;;
FRA_418;Normandie;Normandie;Normandie;;Normandía;;;;;;;;;x;;;;;;;;;;;;;;;;
FRA_420;Bretagne;Bretagne;Bretagne;;Bretaña;;;;;;;;;x;;;;;;;;;;;;;;;;
FRA_425;Ile de France;Ile-de-France;Ile de France;;Île-de-France;;;;;;;;;x;;;;;;;;;;;;;;;;
FRA_428;Bourgogne;Bourgogne;Bourgogne;;Borgoña;;;;;;;;;x;;;;;;;;;;;;;;;;
FRA_435;Loire;Loire;Loire;;Loira;;;;;;;;;x;;;;;;;;;;;;;;;;
FRA_438;Region Centre;Région Centre;Region Centre;;Región Central;;;;;;;;;x;;;;;;;;;;;;;;;;
FRA_442;Poitou;Poitou;Poitou;;Poitou;;;;;;;;;x;;;;;;;;;;;;;;;;
FRA_445;Limousin;Limousin;Limousin;;Lemosín;;;;;;;;;x;;;;;;;;;;;;;;;;
FRA_448;Auvergne;Auvergne;Auvergne;;Auvernia;;;;;;;;;x;;;;;;;;;;;;;;;;
FRA_451;Rhone;Rhône;Rhone;;Rhone;;;;;;;;;x;;;;;;;;;;;;;;;;
FRA_455;Le Midi;Midi;Le Midi;;Le Midi;;;;;;;;;x;;;;;;;;;;;;;;;;
FRA_458;Aquitaine;Aquitaine;Aquitaine;;Aquitania;;;;;;;;;x;;;;;;;;;;;;;;;;
FRA_461;Languedoc;Languedoc;Languedoc;;Languedoc;;;;;;;;;x;;;;;;;;;;;;;;;;
FRA_467;Provence;Provence;Provence;;Provenza;;;;;;;;;x;;;;;;;;;;;;;;;;
FRA_77;Saint Pierre and Miquelon;Saint-Pierre-et-Miquelon ;Saint Pierre und Miquelon;;San Pedro y Miguelón;;;;;;;;;x;;;;;;;;;;;;;;;;
FRA_801;Tahiti;;;;;;;;;;;;x;;;;;;;;;;;;;;;;;
GER_2530;Northern New Guinea;Nouvelle Guinée du nord;Nördliches Neuguinea;;Nueva Guinea Septentrional;;;;;;;;;x;;;;;;;;;;;;;;;;
GRE_826;Peloponnese;Péloponnèse;Peloponnes;;Peloponeso;;;;;;;;;x;;;;;;;;;;;;;;;;
GRE_837;Attica;Attica;Attica;;Ática;;;;;;;;;x;;;;;;;;;;;;;;;;
HAI_2213;Hispaniola;Hispaniola;Hispaniola;;Española;;;;;;;;;x;;;;;;;;;;;;;;;;
HAM_528;Osthannover;Osthannover;Osthannover;;Osthannover;;;;;;;;;x;;;;;;;;;;;;;;;;
HAN_528;Lower Elbe;;;;;;;;;;;;x;;;;;;;;;;;;;;;;;
HAN_534;Hannover;Hanovre;Hannover;;Hannover;;;;;;;;;x;;;;;;;;;;;;;;;;
HAN_540;East Friesland;;;;;;;;;;;;x;;;;;;;;;;;;;;;;;
HAW_658;Hawaiian Islands;Îles d'Hawaï;Hawaii-Inseln;;Islas Hawai;;;;;;;;;x;;;;;;;;;;;;;;;;
HDJ_1151;Hedjaz;Hedjaz;Hedjaz;;Hedjaz;;;;;;;;;x;;;;;;;;;;;;;;;;
HEK_568;Hessen;Hesse;Hessen;;Hesse;;;;;;;;;x;;;;;;;;;;;;;;;;
HES_2560;Hesse-Nassau;Hesse-Nassau;Hessen-Nassau;;Hesse-Nassau;;;;;;;;;x;;;;;;;;;;;;;;;;
HOL_369;Holstein;;;;;;;;;;;;x;;;;;;;;;;;;;;;;;
HYD_1283;Telangana;Hyderabad;Hyderabad;;Hyderabad;;;;;;;;;x;;;;;;;;;;;;;;;;
JAP_1086;Sakhalin;;;;;;;;;;;;x;;;;;;;;;;;;;;;;;
JAP_1088;Hokkaido;Hokkaido;Hokkaido;;Hokkaido;;;;;;;;;x;;;;;;;;;;;;;;;;
JAP_1640;Chugoku;Chugoku;Chugoku;;Chugoku;;;;;;;;;x;;;;;;;;;;;;;;;;
JAP_1649;Kanto;Kanto;Kanto;;Kanto;;;;;;;;;x;;;;;;;;;;;;;;;;
JAP_1654;Ogasawara Islands;Bonin Islands;Bonininseln;;Bonin Islands;;;;;;;;;x;;;;;;;;;;;;;;;;
JAP_1655;Kansai;Kansai;Kansai;;Kansai;;;;;;;;;x;;;;;;;;;;;;;;;;
JAP_1660;Kyushu;Kyushu;Kyushu;;Kyushu;;;;;;;;;x;;;;;;;;;;;;;;;;
JAP_1665;Shikoku;;;;;;;;;;;;x;;;;;;;;;;;;;;;;;
JAP_1672;Tohoku;Tohoku;Tohoku;;Tohoku;;;;;;;;;x;;;;;;;;;;;;;;;;
JAP_1675;Chubu;Chubu;Chubu;;Chubu;;;;;;;;;x;;;;;;;;;;;;;;;;
KAL_1221;Baluchistan;Baluchistan;Belutschistan;;Baluchistan;;;;;;;;;x;;;;;;;;;;;;;;;;
KOK_1190;Kyrgyzstan;;;;;;;;;;;;;x;;;;;;;;;;;;;;;;
KHI_1191;Uzbekistan;;;;;;;;;;;;;x;;;;;;;;;;;;;;;;
UZB_1192;Karakalpakstan;;;;;;;;;;;;x;;;;;;;;;;;;;;;;;
KOK_1208;Gorno-Badakhshan;;;;;;;;;;;;x;;;;;;;;;;;;;;;;;
KOK_1210;Tajikistan;;;;;;;;;;;;x;;;;;;;;;;;;;;;;;
KOR_1619;Pyongyang;Pyongyang;Pjöngjang;;Pyongyang;;;;;;;;;x;;;;;;;;;;;;;;;;
KOR_1624;Seoul;Seoul;Seoul;;Seoul;;;;;;;;;x;;;;;;;;;;;;;;;;
KOR_1627;Sariwon;Sariwon;Sariwon;;Sariwon;;;;;;;;;x;;;;;;;;;;;;;;;;
KOR_1635;Busan;Busan;Busan;;Busan;;;;;;;;;x;;;;;;;;;;;;;;;;
LUA_1356;Laos;Laos;Laos;;Laos;;;;;;;;;x;;;;;;;;;;;;;;;;
MAD_2117;South Madagascar;Sud de Madagascar;Süd-Madagaskar;;South Madagascar;;;;;;;;;x;;;;;;;;;;;;;;;;
MAD_2121;North Madagascar;Du Nord de Madagascar;Nord-Madagaskar;;North Madagascar;;;;;;;;;x;;;;;;;;;;;;;;;;
MEC_544;Schleswig-Holstein;Slesvig-Holstein;Schleswig-Holstein;;Schleswig-Holstein;;;;;;;;;x;;;;;;;;;;;;;;;;
MEX_100;Arizona;Arizona;Arizona;;Arizona;;;;;;;;;x;;;;;;;;;;;;;;;;
MEX_103;New Mexico;Nouveau-Mexique;New Mexico;;Nuevo México;;;;;;;;;x;;;;;;;;;;;;;;;;
MEX_2138;Sonora;Sonora;Sonora;;Sonora;;;;;;;;;x;;;;;;;;;;;;;;;;
MEX_2142;Chihuahua;Chihuahua;Chihuahua;;Chihuahua;;;;;;;;;x;;;;;;;;;;;;;;;;
MEX_2146;Nuevo León;Nuevo León;Nuevo León;;Nuevo León;;;;;;;;;x;;;;;;;;;;;;;;;;
MEX_2151;Durango;Durango;Durango;;Durango;;;;;;;;;x;;;;;;;;;;;;;;;;
MEX_2161;Jalisco;Jalisco;Jalisco;;Jalisco;;;;;;;;;x;;;;;;;;;;;;;;;;
MEX_2162;México;México;Mexiko;;México;;;;;;;;;x;;;;;;;;;;;;;;;;
MEX_2170;Morelia;Morelia;Morelia;;Morelia;;;;;;;;;x;;;;;;;;;;;;;;;;
MEX_2173;Zacatecas;Zacatecas;Zacatecas;;Zacatecas;;;;;;;;;x;;;;;;;;;;;;;;;;
MEX_2181;Chiapas;;;;;;;;;;;;x;;;;;;;;;;;;;;;;;
MEX_2183;Yucatán;Yucatán;Yucatán;;Yucatán;;;;;;;;;x;;;;;;;;;;;;;;;;
MEX_85;California;Californie;Kalifornien;;California;;;;;;;;;x;;;;;;;;;;;;;;;;
MEX_94;Nevada;Nevada-Utah;Nevada-Utah;;Nevada-Utah;;;;;;;;;x;;;;;;;;;;;;;;;;
MEX_97;Utah;;;;;;;;;;;;x;;;;;;;;;;;;;;;;;
MOD_739;Emilia;Émilie;Emilia;;Emilia;;;;;;;;;x;;;;;;;;;;;;;;;;
MOL_673;Moldavia;Moldavie;Moldau;;Moldavia;;;;;;;;;x;;;;;;;;;;;;;;;;
MOL_676;Bessarabia;;;;;;;;;;;;x;;;;;;;;;;;;;;;;;
MON_2582;Montenegro;Monténégro;Montenegro;;Montenegro;;;;;;;;;x;;;;;;;;;;;;;;;;
MOR_1683;Taza;Taza;Taza;;Taza;;;;;;;;x;;;;;;;;;;;;;;;;;
MOR_1686;Fez;Fez;Fès;;Fez;;;;;;;;;x;;;;;;;;;;;;;;;;
MOR_1688;al Rif;al Rif;Al Rif;;al Rif;;;;;;;;;x;;;;;;;;;;;;;;;;
MOR_1693;Morocco;Maroc;Marokko;;Morocco;;;;;;;;;x;;;;;;;;;;;;;;;;
MOR_1694;Agadir;;;;;;;;;;;;x;;;;;;;;;;;;;;;;;
MOR_1696;West Morocco;Maroc Occidental;West-Marokko;;Marruecos occidental;;;;;;;;;x;;;;;;;;;;;;;;;;
MYS_1314;Karnataka;Mysore;Mysore;;Mysore;;;;;;;;;x;;;;;;;;;;;;;;;;
NAG_1277;Nagpur;Nagpur;Nagpur;;Nagpur;;;;;;;;;x;;;;;;;;;;;;;;;;
NEJ_1156;Hail;Hail;Ha'il;;Hail;;;;;;;;;x;;;;;;;;;;;;;;;;
NEJ_1157;Nejd;Nejd;Nadschd;;Nejd;;;;;;;;;x;;;;;;;;;;;;;;;;
NEP_1326;Nepal;;;;;;;;;;;;x;;;;;;;;;;;;;;;;;
NEP_1327;Himalayas;Himalayas;Himalaya;;Himalayas;;;;;;;;;x;;;;;;;;;;;;;;;;
NET_1398;Sumatra;Sumatra;Sumatra;;Sumatra;;;;;;;;;x;;;;;;;;;;;;;;;;
NET_1401;Siak;;;;;;;;;;;;x;;;;;;;;;;;;;;;;;
NET_1413;West Java;Java;Java;;Java;;;;;;;;;x;;;;;;;;;;;;;;;;
NET_1418;East Java;;;;;;;;;;;;x;;;;;;;;;;;;;;;;;
NET_1423;East Borneo;Borneo;Borneo;;Borneo;;;;;;;;;x;;;;;;;;;;;;;;;;
NET_1426;South Borneo;;;;;;;;;;;;x;;;;;;;;;;;;;;;;;
NET_1446;Timor;;;;;;;;;;;;x;;;;;;;;;;;;;;;;;
NET_1447;Moluccas;;;;;;;;;;;;x;;;;;;;;;;;;;;;;;
NET_1449;Celebes;;;;;;;;;;;;;x;;;;;;;;;;;;;;;;
NET_1451;Western New Guinea;Western New Guinea;West-Neuguinea;;Western New Guinea;;;;;;;;;x;;;;;;;;;;;;;;;;
NET_2235;Leeward Antilles;;;;;;;;;;;;x;;;;;;;;;;;;;;;;;
NET_375;Holland;Hollande;Holland;;Holanda;;;;;;;;;x;;;;;;;;;;;;;;;;
NET_379;Brabant;;;;;;;;;;;;x;;;;;;;;;;;;;;;;;
NET_381;Gelderland;Gelderland;Gelderland;;Gelderland;;;;;;;;;x;;;;;;;;;;;;;;;;
NET_385;Friesland;Frise;Friesland;;Friedland;;;;;;;;;x;;;;;;;;;;;;;;;;
OMA_1166;Oman;Oman;Oman;;Omán;;;;;;;;;x;;;;;;;;;;;;;;;;
ORA_2103;Vrystaat;Vrystaat;Vrystaat;;Vrystaat;;;;;;;;;x;;;;;;;;;;;;;;;;
PAN_1222;Ladakh;Ladakh;Ladakh;;Ladakh;;;;;;;;;x;;;;;;;;;;;;;;;;
PAN_1224;Kashmir;Kashmir;Kaschmir;;Kashmir;;;;;;;;;x;;;;;;;;;;;;;;;;
PAN_1227;West Punjab;Punjab;Punjab;;Punjab;;;;;;;;;x;;;;;;;;;;;;;;;;
PAN_1233;East Punjab;;;;;;;;;;;;x;;;;;;;;;;;;;;;;;
PAP_741;Romagna;Romagne;Romagna;;Romaña;;;;;;;;;x;;;;;;;;;;;;;;;;
PAP_752;Lazio;Lazio;Lazio;;Lazio;;;;;;;;;x;;;;;;;;;;;;;;;;
PER_1110;West Azerbaijan;;;;;;;;;;;;;x;;;;;;;;;;;;;;;;
PER_1112;East Azerbaijan;;;;;;;;;;;;;x;;;;;;;;;;;;;;;;
PER_1113;Gilan;;;;;;;;;;;;;x;;;;;;;;;;;;;;;;
PER_1118;Kordestan;;;;;;;;;;;;;x;;;;;;;;;;;;;;;;
PER_1121;Mazandaran;;;;;;;;;;;;;x;;;;;;;;;;;;;;;;
PER_1122;Kurdistan;;;;;;;;;;;;;x;;;;;;;;;;;;;;;;
PER_1127;Isfahan;Isfahan;Isfahan;;Isfahan;;;;;;;;;x;;;;;;;;;;;;;;;;
PER_1128;Kermanshah;;;;;;;;;;;;x;;;;;;;;;;;;;;;;;
PER_1132;Khuzestan;;;;;;;;;;;;x;;;;;;;;;;;;;;;;;
PER_1136;Fars;;;;;;;;;;;;x;;;;;;;;;;;;;;;;;
PER_1140;Kerman;;;;;;;;;;;;x;;;;;;;;;;;;;;;;;
PER_1144;Sistan and Baluchestan;;;;;;;;;;;;x;;;;;;;;;;;;;;;;;
PER_1148;Khorasan;Khorasan;Khorasan;;Khorasan;;;;;;;;;x;;;;;;;;;;;;;;;;
PEU_2289;Pastaza;Pastaza;Pastaza;;Pastaza;;;;;;;;;x;;;;;;;;;;;;;;;;
PEU_2291;Cajamarca;Cajamarca;Cajamarca;;Cajamarca;;;;;;;;;x;;;;;;;;;;;;;;;;
PEU_2297;Ica;Ica;Ica;;Ica;;;;;;;;;x;;;;;;;;;;;;;;;;
PEU_2300;Lima;Lima;Lima;;Lima;;;;;;;;;x;;;;;;;;;;;;;;;;
PEU_2303;Arequipa;Arequipa;Arequipa;;Arequipa;;;;;;;;;x;;;;;;;;;;;;;;;;
PEU_2308;Arica;;;;;;;;;;;;x;;;;;;;;;;;;;;;;;
POR_1999;North Angola;Nord de l’Angola;Nord-Angola;;Angola del norte;;;;;;;;;x;;;;;;;;;;;;;;;;
POR_2003;South Angola;Sud de l’Angola;Süd-Angola;;Angola meridional;;;;;;;;;x;;;;;;;;;;;;;;;;
POR_2006;East Angola;Est de l’Angola;Ost-Angola;;Angola oriental;;;;;;;;;x;;;;;;;;;;;;;;;;
POR_2049;Lourenço Marques;Lourenço Marques;Lourenço Marques;;Lourenço Marques;;;;;;;;;x;;;;;;;;;;;;;;;;
POR_2053;Zambezia;Zambezia;Zambezia;;Zambezia;;;;;;;;;x;;;;;;;;;;;;;;;;
POR_2054;Tete;;;;;;;;;;;;x;;;;;;;;;;;;;;;;;
POR_2060;Mocambique;Mozambique;Mosambik;;Mozambique;;;;;;;;;x;;;;;;;;;;;;;;;;
POR_2134;Macaronesia;Macaronésie;Macaronesien;;Macaronesia;;;;;;;;;x;;;;;;;;;;;;;;;;
POR_518;Douro;Douro;Douro;;Douro;;;;;;;;;x;;;;;;;;;;;;;;;;
POR_521;Estremadura;Estrémadure;Estremadura;;Estremadura;;;;;;;;;x;;;;;;;;;;;;;;;;
POR_525;Alentejo;Alentejo;Alentejo;;Alentejo;;;;;;;;;x;;;;;;;;;;;;;;;;
PRG_2338;Alto Paraguay;Alto Paraguay;Alto Paraguay;;Alto Paraguay;;;;;;;;;x;;;;;;;;;;;;;;;;
PRG_2343;Bajo Paraguay;Bajo Paraguay;Bajo Paraguay;;Bajo Paraguay;;;;;;;;;x;;;;;;;;;;;;;;;;
PRU_544;Mecklenburg;;;;;;;;;;;;x;;;;;;;;;;;;;;;;;
PRU_546;Pommern;Poméranie;Pommern;;Pomerania;;;;;;;;;x;;;;;;;;;;;;;;;;
PRU_549;Brandenburg;Brandenbourg;Brandenburg;;Brandenburgo;;;;;;;;;x;;;;;;;;;;;;;;;;
PRU_553;Magdeburg;Magdeburg;Magdeburg;;Magdeburgo;;;;;;;;;x;;;;;;;;;;;;;;;;
PRU_554;Thuringia;;;;;;;;;;;;x;;;;;;;;;;;;;;;;;
PRU_570;Palatinate;;;;;;;;;;;;x;;;;;;;;;;;;;;;;;
PRU_572;Rheinland;Rheinland;Rheinland;;Renania;;;;;;;;;x;;;;;;;;;;;;;;;;
PRU_575;Nordrhein;Nordrhein;Niederrhein;;Nordrhein;;;;;;;;;x;;;;;;;;;;;;;;;;
PRU_578;Eastern Rheinland;;;;;;;;;;;;x;;;;;;;;;;;;;;;;;
PRU_581;Westfalen;Westphalie;Westfalen;;Westfalia;;;;;;;;;x;;;;;;;;;;;;;;;;
PRU_682;Schlesien;Silésie;Schlesien;;Silesia;;;;;;;;;x;;;;;;;;;;;;;;;;
PRU_684;Upper Silesia;;;;;;;;;;;;x;;;;;;;;;;;;;;;;;
PRU_690;Westpreußen;Westpreußen;Westpreußen;;Westpreußen;;;;;;;;;x;;;;;;;;;;;;;;;;
PRU_695;Ostpreußen;Ostpreußen;Ostpreußen;;Ostpreußen;;;;;;;;;x;;;;;;;;;;;;;;;;
PRU_701;Posen;Posnanie;Posen;;Poznán;;;;;;;;;x;;;;;;;;;;;;;;;;
RUS_1003;Novgorod;Novgorod;Nowgorod;;Nóvgorod;;;;;;;;;x;;;;;;;;;;;;;;;;
RUS_1008;Moscow;Moscou;Moskau;;Moscú;;;;;;;;;x;;;;;;;;;;;;;;;;
RUS_1009;Bryansk;Bryansk;Bryansk;;Briansk;;;;;;;;;x;;;;;;;;;;;;;;;;
RUS_1020;Kazan;Kazan;Kasan;;Kazán;;;;;;;;;x;;;;;;;;;;;;;;;;
RUS_1026;Perm;Perm;Perm;;Perm;;;;;;;;;x;;;;;;;;;;;;;;;;
RUS_1037;Tartaria;Tartarie;Tartaria;;Tartaria;;;;;;;;;x;;;;;;;;;;;;;;;;
RUS_1041;Astrakhan;Astrakan;Astrachan;;Astracán;;;;;;;;;x;;;;;;;;;;;;;;;;
RUS_1048;Ekaterinodar;Ekaterinodar;Jekaterinodar;;Ekaterinodar;;;;;;;;;x;;;;;;;;;;;;;;;;
RUS_1052;North Caucasia;Caucase du Nord;Nordkaukasus;;Caucasia del Norte;;;;;;;;;x;;;;;;;;;;;;;;;;
RUS_1060;Samara;Samara;Samara;;Samara;;;;;;;;;x;;;;;;;;;;;;;;;;
RUS_1064;Tyumen;Tobolsk;Tobolsk;;Tobolsk;;;;;;;;;x;;;;;;;;;;;;;;;;
RUS_1069;Zabaykalsky Krai;;;;;;;;;;;;;x;;;;;;;;;;;;;;;;
RUS_1070;Upper Yeniseysk;Upper Yeniseysk;Ober-Jenisseisk;;Upper Yeniseysk;;;;;;;;;x;;;;;;;;;;;;;;;;
RUS_1071;Khabarovsk;;;;;;;;;;;;;x;;;;;;;;;;;;;;;;
RUS_1072;Hsingan;Hsingan;Hsingan;;Hsingan;;;;;;;;;x;;;;;;;;;;;;;;;;
RUS_1074;Kamchatka;Kamchatka;Kamtschatka;;Kamchatka;;;;;;;;;x;;;;;;;;;;;;;;;;
RUS_1075;Irkutsk;Irkutsk;Irkutsk;;Irkutsk;;;;;;;;;x;;;;;;;;;;;;;;;;
RUS_1079;Amur Oblast;Trans-Baikal;Transbaikal;;Trans-Baikal;;;;;;;;;x;;;;;;;;;;;;;;;;
RUS_1090;Georgia;Géorgie;Georgien;;Georgia;;;;;;;;;x;;;;;;;;;;;;;;;;
RUS_1098;Armenia;Arménie;Armenien;;Armenia;;;;;;;;;x;;;;;;;;;;;;;;;;
RUS_1101;Nakhchivan;;;;;;;;;;;;;x;;;;;;;;;;;;;;;;
RUS_1102;Azerbaijan;Azerbaïdjan;Aserbaidschan;;Azerbaiyán;;;;;;;;;x;;;;;;;;;;;;;;;;
RUS_1104;Baku;Baku;Baku;;Bakú;;;;;;;;;x;;;;;;;;;;;;;;;;
RUS_1106;Nagorno-Karabakh;;;;;;;;;;;;;x;;;;;;;;;;;;;;;;
KAZ_1181;Central North Kazakhstan;;;;;;;;;;;;;x;;;;;;;;;;;;;;;;
KAZ_1183;West Kazakhstan;;;;;;;;;;;;;x;;;;;;;;;;;;;;;;
KAZ_1186;South East Kazakhstan;;;;;;;;;;;;;x;;;;;;;;;;;;;;;;
RUS_1196;Turkmenistan;;;;;;;;;;;;;x;;;;;;;;;;;;;;;;
RUS_1469;Tomsk;Tomsk;Tomsk;;Tomsk;;;;;;;;;x;;;;;;;;;;;;;;;;
RUS_2587;Kola;;;;;;;;;;;;x;;;;;;;;;;;;;;;;;
RUS_2589;Jilin;Nénétsie;Nenetsia;;Nenetsia;;;;;;;;;x;;;;;;;;;;;;;;;;
RUS_2590;East Bengal;;;;;;;;;;;;;x;;;;;;;;;;;;;;;;
RUS_2615;West Bengal;;;;;;;;;;;;;x;;;;;;;;;;;;;;;;
RUS_2618;Central Java;;;;;;;;;;;;;x;;;;;;;;;;;;;;;;
RUS_2621;West Uttar Pradesh;;;;;;;;;;;;;x;;;;;;;;;;;;;;;;
RUS_2653;South Bihar;;;;;;;;;;;;;x;;;;;;;;;;;;;;;;
CHI_2668;Shenzhen;;;;;;;;;;;;;x;;;;;;;;;;;;;;;;
RUS_2685;Ural;Ural;Ural;;Ural;;;;;;;;;x;;;;;;;;;;;;;;;;
RUS_2694;Jharkhand;;;;;;;;;;;;;x;;;;;;;;;;;;;;;;
RUS_336;Northern Finland;Finlande du Nord;Nordfinnland;;Finlandia Septentrional;;;;;;;;;x;;;;;;;;;;;;;;;;
RUS_339;Karelia;Karelia;Karelien;;Carelia;;;;;;;;;x;;;;;;;;;;;;;;;;
RUS_340;Southern Finland;Finlande du Sud;Südfinnland;;Finlandia Meridional;;;;;;;;;x;;;;;;;;;;;;;;;;
RUS_343;Helsinki;;;;;;;;;;;;x;;;;;;;;;;;;;;;;;
RUS_345;Turku;;;;;;;;;;;;x;;;;;;;;;;;;;;;;;
RUS_349;Estonia;Estonie;Estland;;Estonia;;;;;;;;;x;;;;;;;;;;;;;;;;
RUS_354;Latvia;Lettonie;Lettland;;Letonia;;;;;;;;;x;;;;;;;;;;;;;;;;
RUS_360;Lietuva;Lietuva;Lietuva;;Lituania;;;;;;;;;x;;;;;;;;;;;;;;;;
RUS_366;Lappi;Lappi;Lappi;;Lappi;;;;;;;;;x;;;;;;;;;;;;;;;;
RUS_676;Budjak;Budjak;Budjak;;Budjak;;;;;;;;;x;;;;;;;;;;;;;;;;
RUS_706;Mazowieckie;Mazowieckie;Mazowieckie;;Mazowieckie;;;;;;;;;x;;;;;;;;;;;;;;;;
RUS_707;Brêst;Brêst;Brêst;;Brêst;;;;;;;;;x;;;;;;;;;;;;;;;;
RUS_710;Wielkopolskie;Wielkopolskie;Wielkopolskie;;Wielkopolskie;;;;;;;;;x;;;;;;;;;;;;;;;;
RUS_715;West Galicia;;;;;;;;;;;;x;;;;;;;;;;;;;;;;;
RUS_718;Minsk;Minsk;Minsk;;Minsk;;;;;;;;;x;;;;;;;;;;;;;;;;
RUS_940;Pinsk;;;;;;;;;;;;x;;;;;;;;;;;;;;;;;
RUS_943;Smolensk;Smolensk;Smolensk;;Smolensk;;;;;;;;;x;;;;;;;;;;;;;;;;
RUS_947;Orsha;Orsha;Orsha;;Orsha;;;;;;;;;x;;;;;;;;;;;;;;;;
RUS_955;Rovne;Rovne;Rovne;;Rovne;;;;;;;;;x;;;;;;;;;;;;;;;;
RUS_958;Kiev;Kiev;Kiew;;Kíev;;;;;;;;;x;;;;;;;;;;;;;;;;
RUS_964;Crimea;Crimée;Krim;;Crimea;;;;;;;;;x;;;;;;;;;;;;;;;;
RUS_965;Cherson;Cherson;Cherson;;Cherson;;;;;;;;;x;;;;;;;;;;;;;;;;
RUS_968;Transnistria;;;;;;;;;;;;x;;;;;;;;;;;;;;;;;
RUS_973;Zaporizhia;;;;;;;;;;;;x;;;;;;;;;;;;;;;;;
RUS_977;Kursk;Koursk;Kursk;;Kursk;;;;;;;;;x;;;;;;;;;;;;;;;;
RUS_978;Kharkov;;;;;;;;;;;;x;;;;;;;;;;;;;;;;;
RUS_979;Rostov;Rostov;Rostow;;Rostov;;;;;;;;;x;;;;;;;;;;;;;;;;
RUS_980;Luhansk;Luhansk;Luhansk;;Luhansk;;;;;;;;;x;;;;;;;;;;;;;;;;
RUS_981;Arkhangelsk;Arkhangelsk;Archangelsk;;Arkhangelsk;;;;;;;;;x;;;;;;;;;;;;;;;;
RUS_990;Galich;Galich;Galich;;Galich;;;;;;;;;x;;;;;;;;;;;;;;;;
RUS_994;Ingria;Ingrie;Ingria;;Ingria;;;;;;;;;x;;;;;;;;;;;;;;;;
RUS_998;Tver;Tver;Twer;;Tver;;;;;;;;;x;;;;;;;;;;;;;;;;
SAR_466;Savoie;Savoie;Savoie;;Saboya;;;;;;;;;x;;;;;;;;;;;;;;;;
SAR_720;Piemonte;Piémont;Piemont;;Piamonte;;;;;;;;;x;;;;;;;;;;;;;;;;
SAR_765;Sardegna;Sardaigne;Sardegna;;Cerdeña;;;;;;;;;x;;;;;;;;;;;;;;;;
SAX_558;Sachsen;Saxe;Sachsen;;Sajonia;;;;;;;;;x;;;;;;;;;;;;;;;;
SCH_370;Schleswig;;;;;;;;;;;;x;;;;;;;;;;;;;;;;;
SER_794;Northern Serbia;Serbie du nord;Nordserbien;;Serbia Septentrional;;;;;;;;;x;;;;;;;;;;;;;;;;
SIA_1352;Pattani;;;;;;;;;;;;x;;;;;;;;;;;;;;;;;
SIA_1355;Chiang Mai;Chiang Mai;Chiang Mai;;Chiang Mai;;;;;;;;;x;;;;;;;;;;;;;;;;
SIA_1358;Nakhon Ratchasima;Nakhon Ratchasima;Nakhon Ratchasima;;Nakhon Ratchasima;;;;;;;;;x;;;;;;;;;;;;;;;;
SIA_1366;Cambodia;Cambodge;Kambodscha;;Camboya;;;;;;;;;x;;;;;;;;;;;;;;;;
SIA_1392;Bangkok;Bangkok;Bangkok;;Bangkok;;;;;;;;;x;;;;;;;;;;;;;;;;
SIC_753;Puglia;Pouilles;Puglia;;Puglia;;;;;;;;;x;;;;;;;;;;;;;;;;
SIC_754;Campania;Campanie;Campania;;Campania;;;;;;;;;x;;;;;;;;;;;;;;;;
SIC_763;Sicily;Sicile;Sizilien;;Sicilia;;;;;;;;;x;;;;;;;;;;;;;;;;
SIN_1288;Sind;Sind;Sind;;Sind;;;;;;;;;x;;;;;;;;;;;;;;;;
SOK_1934;Eastern Nigeria;;;;;;;;;;;;x;;;;;;;;;;;;;;;;;
SOK_1937;Northeastern Nigeria;;;;;;;;;;;;x;;;;;;;;;;;;;;;;;
SOK_1945;Kano-Kaduna;;;;;;;;;;;;x;;;;;;;;;;;;;;;;;
SOK_1963;Adamawa;;;;;;;;;;;;x;;;;;;;;;;;;;;;;;
SOM_1868;South Somaliland;;;;;;;;;;;;x;;;;;;;;;;;;;;;;;
SOM_1872;North Somaliland;;;;;;;;;;;;x;;;;;;;;;;;;;;;;;
SPA_1455;Luzón;Luzon;Luzon;;Luzón;;;;;;;;;x;;;;;;;;;;;;;;;;
SPA_1459;Visayas;Visayas;Visayas;;Visayas;;;;;;;;;x;;;;;;;;;;;;;;;;
SPA_1463;Mindanao;Mindanao;Mindanao;;Mindanao;;;;;;;;;x;;;;;;;;;;;;;;;;
SPA_1955;Equatorial Guinea;;;;;;;;;;;;x;;;;;;;;;;;;;;;;;
SPA_2209;Greater Antilles;Grandes Antilles;Große Antillen;;Antillas Mayores;;;;;;;;;x;;;;;;;;;;;;;;;;
SPA_2517;Micronesia;Micronésie;Mikronesien;;Micronesia;;;;;;;;;x;;;;;;;;;;;;;;;;
SPA_474;Galicia;Galice;Galizien;;Galicia;;;;;;;;;x;;;;;;;;;;;;;;;;
SPA_477;León-Castilla;León-Castilla;León-Castilla;;Castilla-León;;;;;;;;;x;;;;;;;;;;;;;;;;
SPA_484;Extremadura;Estrémadure;Extremadura;;Extremadura;;;;;;;;;x;;;;;;;;;;;;;;;;
SPA_487;Castilla la Nueva;Nouvelle-Castille;Castilla la Nueva;;Castilla La Nueva;;;;;;;;;x;;;;;;;;;;;;;;;;
SPA_492;Vasconia-Aragón;Vasconia-Aragón;Vasconia-Aragón;;Vasconia-Aragón;;;;;;;;;x;;;;;;;;;;;;;;;;
SPA_498;Catalonia;Catalogne;Katalonien;;Cataluña;;;;;;;;;x;;;;;;;;;;;;;;;;
SPA_503;Valencia;Valence;Valencia;;Valencia;;;;;;;;;x;;;;;;;;;;;;;;;;
SPA_512;Andalucía;Andalousie;Andalusien;;Andalucía;;;;;;;;;x;;;;;;;;;;;;;;;;
SPA_513;Granada;Grenade;Granada;;Granada;;;;;;;;;x;;;;;;;;;;;;;;;;
SPA_610;Caroline Islands;;;;;;;;;;;;x;;;;;;;;;;;;;;;;;
SWE_308;Nordnorge;Nordnorge;Nordnorge;;Nordnorge;;;;;;;;;x;;;;;;;;;;;;;;;;
SWE_309;Vestlandet;Vestlandet;Vestlandet;;Vestlandet;;;;;;;;;x;;;;;;;;;;;;;;;;
SWE_313;Ostlandet;Ostlandet;Ostlandet;;Ostlandet;;;;;;;;;x;;;;;;;;;;;;;;;;
SWE_318;Norrland;Norrland;Norrland;;Norrland;;;;;;;;;x;;;;;;;;;;;;;;;;
SWE_322;Svealand;Svealand;Svealand;;Suecia;;;;;;;;;x;;;;;;;;;;;;;;;;
SWE_329;Götaland;Götaland;Götaland;;Gotland;;;;;;;;;x;;;;;;;;;;;;;;;;
SWE_334; Malmö;;;;;;;;;;;;x;;;;;;;;;;;;;;;;;
SWI_603;East Switzerland;Suisses de l'est;Ostschweiz;;Suiza Oriental;;;;;;;;;x;;;;;;;;;;;;;;;;
SWI_605;West Switzerland;Suisse de l'ouest;Westschweiz;;Suiza Occidental;;;;;;;;;x;;;;;;;;;;;;;;;;
TEX_132;Texas;Texas;Texas;;Texas;;;;;;;;;x;;;;;;;;;;;;;;;;
TIB_1587;Tibet;Tibet;Tibet;;Tibet;;;;;;;;;x;;;;;;;;;;;;;;;;
TON_2540;Tonga;;;;;;;;;;;;x;;;;;;;;;;;;;;;;;
TRI_1731;Tripolitania;;;;;;;;;;;;x;;;;;;;;;;;;;;;;;
TRI_1735;Cyrenaica;;;;;;;;;;;;x;;;;;;;;;;;;;;;;;
TRI_1739;Libyan Desert;Désert de Lybie;Lybische Wüste;;Desierto libio;;;;;;;;;x;;;;;;;;;;;;;;;;
TRI_1740;Fezzan;;;;;;;;;;;;x;;;;;;;;;;;;;;;;;
TRI_1743;Tripoli;Tripoli;Tripoli;;Trípoli;;;;;;;;;x;;;;;;;;;;;;;;;;
TRN_2108;Transvaal;Transvaal;Transvaal;;Transvaal;;;;;;;;;x;;;;;;;;;;;;;;;;
TUN_1726;Tunisia;Tunisie;Tunesien;;Túnez;;;;;;;;;x;;;;;;;;;;;;;;;;
TUR_674;Dobrudja;Dobrudja;Dobrudja;;Dobrudja;;;;;;;;;x;;;;;;;;;;;;;;;;
TUR_788;Bosnia;Bosnie;Bosnien;;Bosnia;;;;;;;;;x;;;;;;;;;;;;;;;;
TUR_803;Southern Serbia;Serbie du sud;Südserbien;;Serbia Meridional;;;;;;;;;x;;;;;;;;;;;;;;;;
TUR_805;South Macedonia;Macédoine de l'est;Ostmazedonien;;Macedonia Oriental;;;;;;;;;x;;;;;;;;;;;;;;;;
TUR_806;North Macedonia;Macédoine du Nord;Nordmazedonien;;Macedonia Septentrional;;;;;;;;;x;;;;;;;;;;;;;;;;
TUR_809;Rumelia;Roumélie;Rumelien;;Rumelia;;;;;;;;;x;;;;;;;;;;;;;;;;
TUR_810;Bulgaria;Bulgarie;Bulgarien;;Bulgaria;;;;;;;;;x;;;;;;;;;;;;;;;;
TUR_819;West Macedonia;Macédoine de l'Ouest;Westmazedonien;;Macedonia Occidental;;;;;;;;;x;;;;;;;;;;;;;;;;
TUR_823;Eastern Macedonia;;;;;;;;;;;;x;;;;;;;;;;;;;;;;;
TUR_832;Thessalía;Thessalía;Thessalía;;Tesalia;;;;;;;;;x;;;;;;;;;;;;;;;;
TUR_853;Albania;Albanie;Albanien;;Albania;;;;;;;;;x;;;;;;;;;;;;;;;;
TUR_855;Cyprus;Chypre;Zypern;;Chipre;;;;;;;;;x;;;;;;;;;;;;;;;;
TUR_860;Istanbul;;;;;;;;;;;;;x;;;;;;;;;;;;;;;;
TUR_863;East Marmara;;;;;;;;;;;;;x;;;;;;;;;;;;;;;;
TUR_864;West Marmara;;;;;;;;;;;;;x;;;;;;;;;;;;;;;;
TUR_869;Aegean;;;;;;;;;;;;;x;;;;;;;;;;;;;;;;
TUR_876;West Anatolia;;;;;;;;;;;;;x;;;;;;;;;;;;;;;;
TUR_878;Central Anatolia;;;;;;;;;;;;x;;;;;;;;;;;;;;;;;
TUR_882;Black Sea;;;;;;;;;;;;x;;;;;;;;;;;;;;;;;
TUR_887;Northeast Anatolia;;;;;;;;;;;;;x;;;;;;;;;;;;;;;;
TUR_890;Central East Anatolia;;;;;;;;;;;;x;;;;;;;;;;;;;;;;;
TUR_894;Mediterranean;;;;;;;;;;;;x;;;;;;;;;;;;;;;;;
TUR_898;Southeast Anatolia;;;;;;;;;;;;x;;;;;;;;;;;;;;;;;
TUR_923;Mosul;Mosul;Mosul;;Mosul;;;;;;;;;x;;;;;;;;;;;;;;;;
TUR_931;Middle Iraq;Middle Iraq;Middle Iraq;;Middle Iraq;;;;;;;;;x;;;;;;;;;;;;;;;;
TUR_932;Southern Iraq;;;;;;;;;;;;x;;;;;;;;;;;;;;;;;
TUR_934;Middle Euphrates;;;;;;;;;;;;x;;;;;;;;;;;;;;;;;
TUR_935;Kuwait;Kuwait;Kuwait;;Kuwait;;;;;;;;;x;;;;;;;;;;;;;;;;
TUS_744;Toscana;Toscane;Toskana;;Toscana;;;;;;;;;x;;;;;;;;;;;;;;;;
UCA_2186;Guatemala;Guatemala;Guatemala;;Guatemala;;;;;;;;;x;;;;;;;;;;;;;;;;
UCA_2191;El Salvador;Honduras;Honduras;;Honduras;;;;;;;;;x;;;;;;;;;;;;;;;;
UCA_2193;Honduras;;;;;;;;;;;;x;;;;;;;;;;;;;;;;;
UCA_2197;Nicaragua;Nicaragua;Nicaragua;;Nicaragua;;;;;;;;;x;;;;;;;;;;;;;;;;
UCA_2201;Costa Rica;Costa Rica;Costa Rica;;Costa Rica;;;;;;;;;x;;;;;;;;;;;;;;;;
URU_2344;Uruguay;Uruguay;Uruguay;;Uruguay;;;;;;;;;x;;;;;;;;;;;;;;;;
USA_1;Alaska;Alaska;Alaska;;Alaska;;;;;;;;;x;;;;;;;;;;;;;;;;
USA_106;Colorado;Colorado;Colorado;;Colorado;;;;;;;;;x;;;;;;;;;;;;;;;;
USA_111;Wyoming;Wyoming;Wyoming;;Wyoming;;;;;;;;;x;;;;;;;;;;;;;;;;
USA_116;Montana;Montana;Montana;;Montana;;;;;;;;;x;;;;;;;;;;;;;;;;
USA_118;North Dakota;Dakota du nord;North Dakota;;Dakota del Norte;;;;;;;;;x;;;;;;;;;;;;;;;;
USA_121;South Dakota;Dakota du sud;South Dakota;;Dakota del Sur;;;;;;;;;x;;;;;;;;;;;;;;;;
USA_124;Nebraska;Nebraska;Nebraska;;Nebraska;;;;;;;;;x;;;;;;;;;;;;;;;;
USA_126;Kansas;Kansas;Kansas;;Kansas;;;;;;;;;x;;;;;;;;;;;;;;;;
USA_129;Oklahoma;Oklahoma;Oklahoma;;Oklahoma;;;;;;;;;x;;;;;;;;;;;;;;;;
USA_139;Louisiana;Louisiane;Louisiana;;Louisiana;;;;;;;;;x;;;;;;;;;;;;;;;;
USA_144;Arkansas;Arkansas;Arkansas;;Arkansas;;;;;;;;;x;;;;;;;;;;;;;;;;
USA_148;Missouri;Missouri;Missouri;;Missouri;;;;;;;;;x;;;;;;;;;;;;;;;;
USA_151;Iowa;Iowa;Iowa;;Iowa;;;;;;;;;x;;;;;;;;;;;;;;;;
USA_158;Minnesota;Minnesota;Minnesota;;Minnesota;;;;;;;;;x;;;;;;;;;;;;;;;;
USA_162;Wisconsin;Wisconsin;Wisconsin;;Wisconsin;;;;;;;;;x;;;;;;;;;;;;;;;;
USA_168;Illinois;Illinois;Illinois;;Illinois;;;;;;;;;x;;;;;;;;;;;;;;;;
USA_170;Indiana;Indiana;Indiana;;Indiana;;;;;;;;;x;;;;;;;;;;;;;;;;
USA_176;Michigan;Michigan;Michigan;;Michigan;;;;;;;;;x;;;;;;;;;;;;;;;;
USA_178;Ohio;Ohio;Ohio;;Ohio;;;;;;;;;x;;;;;;;;;;;;;;;;
USA_185;Kentucky;Kentucky;Kentucky;;Kentucky;;;;;;;;;x;;;;;;;;;;;;;;;;
USA_188;Tennessee;Tennessee;Tennessee;;Tennessee;;;;;;;;;x;;;;;;;;;;;;;;;;
USA_194;Mississippi;Mississippi;Mississippi;;Mississippi;;;;;;;;;x;;;;;;;;;;;;;;;;
USA_196;Alabama;Alabama;Alabama;;Alabama;;;;;;;;;x;;;;;;;;;;;;;;;;
USA_200;Florida;Floride;Florida;;Florida;;;;;;;;;x;;;;;;;;;;;;;;;;
USA_201;Georgia;Géorgie;Georgia;;Georgia;;;;;;;;;x;;;;;;;;;;;;;;;;
USA_205;South Carolina;;;;;;;;;;;;x;;;;;;;;;;;;;;;;;
USA_211;Virginia;Virginie;Virginia;;Virginia;;;;;;;;;x;;;;;;;;;;;;;;;;
USA_218;West Virginia;Virginie occidentale;West Virginia;;Virginia Occidental;;;;;;;;;x;;;;;;;;;;;;;;;;
USA_219;Maryland;Maryland;Maryland;;Maryland;;;;;;;;;x;;;;;;;;;;;;;;;;
USA_220;District of Columbia;District de Columbia;District of Columbia;;Distrito de Columbia;;;;;;;;;x;;;;;;;;;;;;;;;;
USA_223;Pennsylvania;Pennsylvanie;Pennsylvania;;Pennsylvania;;;;;;;;;x;;;;;;;;;;;;;;;;
USA_231;New Jersey;New Jersey;New Jersey;;Nueva Jersey;;;;;;;;;x;;;;;;;;;;;;;;;;
USA_232;New York;New York;New York;;Nueva York;;;;;;;;;x;;;;;;;;;;;;;;;;
USA_243;Massachusetts;Massachusetts;Massachusetts;;Massachusets;;;;;;;;;x;;;;;;;;;;;;;;;;
USA_247;New England;Nelle-Angleterre;New England;;Nueva Inglaterra;;;;;;;;;x;;;;;;;;;;;;;;;;
USA_2543;Samoa;;;;;;;;;;;;x;;;;;;;;;;;;;;;;;
USA_2556;North Carolina;Caroline du Nord;North Carolina;;Carolina del Norte;;;;;;;;;x;;;;;;;;;;;;;;;;
USA_78;Washington;Washington;Washington;;Washington;;;;;;;;;x;;;;;;;;;;;;;;;;
USA_81;Oregon;Oregon;Oregon;;Oregón;;;;;;;;;x;;;;;;;;;;;;;;;;
USA_91;Idaho;Idaho;Idaho;;Idaho;;;;;;;;;x;;;;;;;;;;;;;;;;
VNZ_2234;Zulia;Zulia;Zulia;;Zulia;;;;;;;;;x;;;;;;;;;;;;;;;;
VNZ_2265;Miranda;Miranda;Miranda;;Miranda;;;;;;;;;x;;;;;;;;;;;;;;;;
VNZ_2278;Bolívar;Bolívar;Bolívar;;Bolívar;;;;;;;;;x;;;;;;;;;;;;;;;;
WAL_665;Wallachia;Valachie;Walachei;;Valaquia;;;;;;;;;x;;;;;;;;;;;;;;;;
WUR_589;Württemberg;Wurtemberg;Württemberg;;Württemberg;;;;;;;;;x;;;;;;;;;;;;;;;;
YEM_1173;Yemen;Yémen;Yemen;;Yemen;;;;;;;;;x;;;;;;;;;;;;;;;;
YEM_1178;Sana'a;;;;;;;;;;;;x;;;;;;;;;;;;;;;;;
YEM_1412;Aden;;;;;;;;;;;;x;;;;;;;;;;;;;;;;;
ZUL_2113;Natal-Zululand;Natal-Zululand;Natal-Zululand;;Natal-Zululand;;;;;;;;;x;;;;;;;;;;;;;;;;
SNG_1384;Singapore;;;;;;;;;;;;x;;;;;;;;;;;;;;;;;
TRE_736;Trieste;;;;;;;;;;;;x;;;;;;;;;;;;;;;;;
ENG_3278;Arunachal Pradesh;;;;;;;;;;;;x;;;;;;;;;;;;;;;;;
CHI_3281;Aksai Chin;;;;;;;;;;;;x;;;;;;;;;;;;;;;;;
ENG_2217;Greater Antilles;;;;;;;;;;;;x;;;;;;;;;;;;;;;;;
ENG_2219;Lucayan Archipelago;;;;;;;;;;;;x;;;;;;;;;;;;;;;;;
ENG_2220;The Bermuda Islands;;;;;;;;;;;;x;;;;;;;;;;;;;;;;;
ENG_2237;Trinidad and Tobago;;;;;;;;;;;;x;;;;;;;;;;;;;;;;;
ENG_1325;Maldives;;;;;;;;;;;;x;;;;;;;;;;;;;;;;;